Cycle,CPULoad,PendingTasks,Mode,EfficiencySaved
1,77.09,1004,HIGH_FIDELITY_CONTINUOUS,0.0
2,83.01,2806,HIGH_FIDELITY_CONTINUOUS,0.0
3,52.95,6833,APPROXIMATED_DISCRETE_MILP,0.3021
4,45.94,6867,APPROXIMATED_DISCRETE_MILP,0.3021
5,91.75,1512,APPROXIMATED_DISCRETE_MILP,0.3021
6,74.25,1060,HIGH_FIDELITY_CONTINUOUS,0.0
7,41.73,2591,HIGH_FIDELITY_CONTINUOUS,0.0
8,53.49,5731,APPROXIMATED_DISCRETE_MILP,0.3021
9,41.54,2428,HIGH_FIDELITY_CONTINUOUS,0.0
10,81.53,6545,APPROXIMATED_DISCRETE_MILP,0.3021
11,71.61,2605,HIGH_FIDELITY_CONTINUOUS,0.0
12,66.05,3078,HIGH_FIDELITY_CONTINUOUS,0.0
13,86.95,853,APPROXIMATED_DISCRETE_MILP,0.3021
14,84.01,2107,HIGH_FIDELITY_CONTINUOUS,0.0
15,80.49,3587,HIGH_FIDELITY_CONTINUOUS,0.0
16,56.12,2563,HIGH_FIDELITY_CONTINUOUS,0.0
17,95.52,3557,APPROXIMATED_DISCRETE_MILP,0.3021
18,45.93,3912,HIGH_FIDELITY_CONTINUOUS,0.0
19,45.61,7742,APPROXIMATED_DISCRETE_MILP,0.3021
20,59.95,2966,HIGH_FIDELITY_CONTINUOUS,0.0
21,86.81,6777,APPROXIMATED_DISCRETE_MILP,0.3021
22,66.65,1822,HIGH_FIDELITY_CONTINUOUS,0.0
23,96.44,3900,APPROXIMATED_DISCRETE_MILP,0.3021
24,44.57,3201,HIGH_FIDELITY_CONTINUOUS,0.0
25,88.11,5866,APPROXIMATED_DISCRETE_MILP,0.3021
26,91.36,3762,APPROXIMATED_DISCRETE_MILP,0.3021
27,73.49,6571,APPROXIMATED_DISCRETE_MILP,0.3021
28,44.03,6217,APPROXIMATED_DISCRETE_MILP,0.3021
29,53.22,3170,HIGH_FIDELITY_CONTINUOUS,0.0
30,97.14,7806,APPROXIMATED_DISCRETE_MILP,0.3021
31,53.5,1627,HIGH_FIDELITY_CONTINUOUS,0.0
32,62.05,4514,HIGH_FIDELITY_CONTINUOUS,0.0
33,76.87,3788,HIGH_FIDELITY_CONTINUOUS,0.0
34,49.43,3710,HIGH_FIDELITY_CONTINUOUS,0.0
35,52.15,2987,HIGH_FIDELITY_CONTINUOUS,0.0
36,80.71,6399,APPROXIMATED_DISCRETE_MILP,0.3021
37,77.59,5790,APPROXIMATED_DISCRETE_MILP,0.3021
38,76.83,5175,APPROXIMATED_DISCRETE_MILP,0.3021
39,82.29,2138,HIGH_FIDELITY_CONTINUOUS,0.0
40,66.81,3011,HIGH_FIDELITY_CONTINUOUS,0.0
41,97.39,6042,APPROXIMATED_DISCRETE_MILP,0.3021
42,79.91,2599,HIGH_FIDELITY_CONTINUOUS,0.0
43,79.71,7704,APPROXIMATED_DISCRETE_MILP,0.3021
44,84.56,1258,HIGH_FIDELITY_CONTINUOUS,0.0
45,53.28,1062,HIGH_FIDELITY_CONTINUOUS,0.0
46,86.69,4086,APPROXIMATED_DISCRETE_MILP,0.3021
47,55.53,2528,HIGH_FIDELITY_CONTINUOUS,0.0
48,92.96,5446,APPROXIMATED_DISCRETE_MILP,0.3021
49,90.83,3377,APPROXIMATED_DISCRETE_MILP,0.3021
50,52.33,4889,HIGH_FIDELITY_CONTINUOUS,0.0
51,62.95,6066,APPROXIMATED_DISCRETE_MILP,0.3021
52,66.61,2969,HIGH_FIDELITY_CONTINUOUS,0.0
53,48.1,6902,APPROXIMATED_DISCRETE_MILP,0.3021
54,72.56,2952,HIGH_FIDELITY_CONTINUOUS,0.0
55,83.33,4309,HIGH_FIDELITY_CONTINUOUS,0.0
56,92.07,4071,APPROXIMATED_DISCRETE_MILP,0.3021
57,61.0,1933,HIGH_FIDELITY_CONTINUOUS,0.0
58,69.55,1544,HIGH_FIDELITY_CONTINUOUS,0.0
59,83.84,7854,APPROXIMATED_DISCRETE_MILP,0.3021
60,46.36,5940,APPROXIMATED_DISCRETE_MILP,0.3021
61,49.28,6374,APPROXIMATED_DISCRETE_MILP,0.3021
62,64.49,1320,HIGH_FIDELITY_CONTINUOUS,0.0
63,62.32,5681,APPROXIMATED_DISCRETE_MILP,0.3021
64,97.78,5134,APPROXIMATED_DISCRETE_MILP,0.3021
65,54.58,5332,APPROXIMATED_DISCRETE_MILP,0.3021
66,89.93,894,APPROXIMATED_DISCRETE_MILP,0.3021
67,79.46,1738,HIGH_FIDELITY_CONTINUOUS,0.0
68,79.54,5198,APPROXIMATED_DISCRETE_MILP,0.3021
69,83.55,7096,APPROXIMATED_DISCRETE_MILP,0.3021
70,77.18,1713,HIGH_FIDELITY_CONTINUOUS,0.0
71,57.02,2095,HIGH_FIDELITY_CONTINUOUS,0.0
72,66.32,6715,APPROXIMATED_DISCRETE_MILP,0.3021
73,90.8,2957,APPROXIMATED_DISCRETE_MILP,0.3021
74,96.37,7041,APPROXIMATED_DISCRETE_MILP,0.3021
75,50.36,1671,HIGH_FIDELITY_CONTINUOUS,0.0
76,90.49,3244,APPROXIMATED_DISCRETE_MILP,0.3021
77,88.82,4958,APPROXIMATED_DISCRETE_MILP,0.3021
78,75.32,2052,HIGH_FIDELITY_CONTINUOUS,0.0
79,61.69,2123,HIGH_FIDELITY_CONTINUOUS,0.0
80,71.28,7178,APPROXIMATED_DISCRETE_MILP,0.3021
81,93.5,804,APPROXIMATED_DISCRETE_MILP,0.3021
82,74.74,4802,HIGH_FIDELITY_CONTINUOUS,0.0
83,41.13,3773,HIGH_FIDELITY_CONTINUOUS,0.0
84,90.97,7613,APPROXIMATED_DISCRETE_MILP,0.3021
85,86.79,2761,APPROXIMATED_DISCRETE_MILP,0.3021
86,43.36,7992,APPROXIMATED_DISCRETE_MILP,0.3021
87,72.91,1445,HIGH_FIDELITY_CONTINUOUS,0.0
88,44.97,4781,HIGH_FIDELITY_CONTINUOUS,0.0
89,87.33,7030,APPROXIMATED_DISCRETE_MILP,0.3021
90,70.9,1830,HIGH_FIDELITY_CONTINUOUS,0.0
91,47.45,4693,HIGH_FIDELITY_CONTINUOUS,0.0
92,94.92,2152,APPROXIMATED_DISCRETE_MILP,0.3021
93,55.37,7946,APPROXIMATED_DISCRETE_MILP,0.3021
94,75.18,2535,HIGH_FIDELITY_CONTINUOUS,0.0
95,93.88,6987,APPROXIMATED_DISCRETE_MILP,0.3021
96,82.34,2447,HIGH_FIDELITY_CONTINUOUS,0.0
97,81.35,4068,HIGH_FIDELITY_CONTINUOUS,0.0
98,97.72,6123,APPROXIMATED_DISCRETE_MILP,0.3021
99,61.66,5039,APPROXIMATED_DISCRETE_MILP,0.3021
100,66.19,2830,HIGH_FIDELITY_CONTINUOUS,0.0
101,53.03,3569,HIGH_FIDELITY_CONTINUOUS,0.0
102,41.22,5337,APPROXIMATED_DISCRETE_MILP,0.3021
103,53.35,2604,HIGH_FIDELITY_CONTINUOUS,0.0
104,40.42,6598,APPROXIMATED_DISCRETE_MILP,0.3021
105,76.6,2675,HIGH_FIDELITY_CONTINUOUS,0.0
106,43.91,1057,HIGH_FIDELITY_CONTINUOUS,0.0
107,89.86,1380,APPROXIMATED_DISCRETE_MILP,0.3021
108,69.82,3081,HIGH_FIDELITY_CONTINUOUS,0.0
109,78.8,2555,HIGH_FIDELITY_CONTINUOUS,0.0
110,71.28,6725,APPROXIMATED_DISCRETE_MILP,0.3021
111,94.26,5477,APPROXIMATED_DISCRETE_MILP,0.3021
112,73.42,2790,HIGH_FIDELITY_CONTINUOUS,0.0
113,85.51,7415,APPROXIMATED_DISCRETE_MILP,0.3021
114,63.61,1572,HIGH_FIDELITY_CONTINUOUS,0.0
115,45.62,4331,HIGH_FIDELITY_CONTINUOUS,0.0
116,60.55,4167,HIGH_FIDELITY_CONTINUOUS,0.0
117,67.09,6772,APPROXIMATED_DISCRETE_MILP,0.3021
118,43.14,6153,APPROXIMATED_DISCRETE_MILP,0.3021
119,97.08,1606,APPROXIMATED_DISCRETE_MILP,0.3021
120,43.52,6765,APPROXIMATED_DISCRETE_MILP,0.3021
121,59.68,7858,APPROXIMATED_DISCRETE_MILP,0.3021
122,46.34,2369,HIGH_FIDELITY_CONTINUOUS,0.0
123,51.03,4475,HIGH_FIDELITY_CONTINUOUS,0.0
124,48.13,2303,HIGH_FIDELITY_CONTINUOUS,0.0
125,56.16,2846,HIGH_FIDELITY_CONTINUOUS,0.0
126,90.72,1417,APPROXIMATED_DISCRETE_MILP,0.3021
127,65.7,7856,APPROXIMATED_DISCRETE_MILP,0.3021
128,89.65,1602,APPROXIMATED_DISCRETE_MILP,0.3021
129,42.93,5228,APPROXIMATED_DISCRETE_MILP,0.3021
130,88.49,1564,APPROXIMATED_DISCRETE_MILP,0.3021
131,93.73,7752,APPROXIMATED_DISCRETE_MILP,0.3021
132,53.71,4129,HIGH_FIDELITY_CONTINUOUS,0.0
133,68.17,2551,HIGH_FIDELITY_CONTINUOUS,0.0
134,90.15,1280,APPROXIMATED_DISCRETE_MILP,0.3021
135,49.55,817,HIGH_FIDELITY_CONTINUOUS,0.0
136,97.15,2972,APPROXIMATED_DISCRETE_MILP,0.3021
137,93.74,7231,APPROXIMATED_DISCRETE_MILP,0.3021
138,66.39,4265,HIGH_FIDELITY_CONTINUOUS,0.0
139,80.4,6784,APPROXIMATED_DISCRETE_MILP,0.3021
140,97.73,5352,APPROXIMATED_DISCRETE_MILP,0.3021
141,78.39,4786,HIGH_FIDELITY_CONTINUOUS,0.0
142,48.98,3230,HIGH_FIDELITY_CONTINUOUS,0.0
143,52.63,1279,HIGH_FIDELITY_CONTINUOUS,0.0
144,73.59,5241,APPROXIMATED_DISCRETE_MILP,0.3021
145,43.54,3369,HIGH_FIDELITY_CONTINUOUS,0.0
146,43.32,5585,APPROXIMATED_DISCRETE_MILP,0.3021
147,67.65,7785,APPROXIMATED_DISCRETE_MILP,0.3021
148,70.81,1265,HIGH_FIDELITY_CONTINUOUS,0.0
149,95.73,1456,APPROXIMATED_DISCRETE_MILP,0.3021
150,89.38,1361,APPROXIMATED_DISCRETE_MILP,0.3021
151,74.51,6331,APPROXIMATED_DISCRETE_MILP,0.3021
152,89.99,4107,APPROXIMATED_DISCRETE_MILP,0.3021
153,46.95,5466,APPROXIMATED_DISCRETE_MILP,0.3021
154,54.28,5670,APPROXIMATED_DISCRETE_MILP,0.3021
155,42.31,1471,HIGH_FIDELITY_CONTINUOUS,0.0
156,64.32,5581,APPROXIMATED_DISCRETE_MILP,0.3021
157,72.78,3391,HIGH_FIDELITY_CONTINUOUS,0.0
158,94.21,2473,APPROXIMATED_DISCRETE_MILP,0.3021
159,78.84,3373,HIGH_FIDELITY_CONTINUOUS,0.0
160,53.84,4042,HIGH_FIDELITY_CONTINUOUS,0.0
161,47.59,6087,APPROXIMATED_DISCRETE_MILP,0.3021
162,57.4,3390,HIGH_FIDELITY_CONTINUOUS,0.0
163,93.88,1394,APPROXIMATED_DISCRETE_MILP,0.3021
164,40.54,5888,APPROXIMATED_DISCRETE_MILP,0.3021
165,97.91,1619,APPROXIMATED_DISCRETE_MILP,0.3021
166,44.25,2546,HIGH_FIDELITY_CONTINUOUS,0.0
167,69.34,1885,HIGH_FIDELITY_CONTINUOUS,0.0
168,94.13,1363,APPROXIMATED_DISCRETE_MILP,0.3021
169,91.0,3827,APPROXIMATED_DISCRETE_MILP,0.3021
170,56.53,4389,HIGH_FIDELITY_CONTINUOUS,0.0
171,88.36,6563,APPROXIMATED_DISCRETE_MILP,0.3021
172,57.55,7411,APPROXIMATED_DISCRETE_MILP,0.3021
173,77.93,864,HIGH_FIDELITY_CONTINUOUS,0.0
174,78.74,5343,APPROXIMATED_DISCRETE_MILP,0.3021
175,57.36,6234,APPROXIMATED_DISCRETE_MILP,0.3021
176,46.01,7993,APPROXIMATED_DISCRETE_MILP,0.3021
177,47.79,1745,HIGH_FIDELITY_CONTINUOUS,0.0
178,91.6,6881,APPROXIMATED_DISCRETE_MILP,0.3021
179,72.09,3031,HIGH_FIDELITY_CONTINUOUS,0.0
180,56.34,2525,HIGH_FIDELITY_CONTINUOUS,0.0
181,81.62,2467,HIGH_FIDELITY_CONTINUOUS,0.0
182,79.87,7787,APPROXIMATED_DISCRETE_MILP,0.3021
183,55.31,4802,HIGH_FIDELITY_CONTINUOUS,0.0
184,54.57,7731,APPROXIMATED_DISCRETE_MILP,0.3021
185,42.95,5996,APPROXIMATED_DISCRETE_MILP,0.3021
186,64.57,3066,HIGH_FIDELITY_CONTINUOUS,0.0
187,42.56,3532,HIGH_FIDELITY_CONTINUOUS,0.0
188,84.72,6019,APPROXIMATED_DISCRETE_MILP,0.3021
189,96.83,2123,APPROXIMATED_DISCRETE_MILP,0.3021
190,82.99,5319,APPROXIMATED_DISCRETE_MILP,0.3021
191,80.93,5394,APPROXIMATED_DISCRETE_MILP,0.3021
192,40.56,1416,HIGH_FIDELITY_CONTINUOUS,0.0
193,94.81,6460,APPROXIMATED_DISCRETE_MILP,0.3021
194,92.43,5269,APPROXIMATED_DISCRETE_MILP,0.3021
195,42.09,3824,HIGH_FIDELITY_CONTINUOUS,0.0
196,73.79,2013,HIGH_FIDELITY_CONTINUOUS,0.0
197,64.93,1142,HIGH_FIDELITY_CONTINUOUS,0.0
198,57.88,7321,APPROXIMATED_DISCRETE_MILP,0.3021
199,96.39,1126,APPROXIMATED_DISCRETE_MILP,0.3021
200,92.14,2520,APPROXIMATED_DISCRETE_MILP,0.3021
201,79.56,6263,APPROXIMATED_DISCRETE_MILP,0.3021
202,45.96,7190,APPROXIMATED_DISCRETE_MILP,0.3021
203,72.47,7965,APPROXIMATED_DISCRETE_MILP,0.3021
204,63.57,5884,APPROXIMATED_DISCRETE_MILP,0.3021
205,83.47,2739,HIGH_FIDELITY_CONTINUOUS,0.0
206,90.15,7352,APPROXIMATED_DISCRETE_MILP,0.3021
207,87.02,4177,APPROXIMATED_DISCRETE_MILP,0.3021
208,41.44,6833,APPROXIMATED_DISCRETE_MILP,0.3021
209,93.62,7209,APPROXIMATED_DISCRETE_MILP,0.3021
210,93.99,7371,APPROXIMATED_DISCRETE_MILP,0.3021
211,78.85,6821,APPROXIMATED_DISCRETE_MILP,0.3021
212,87.02,2985,APPROXIMATED_DISCRETE_MILP,0.3021
213,49.23,6544,APPROXIMATED_DISCRETE_MILP,0.3021
214,46.27,7944,APPROXIMATED_DISCRETE_MILP,0.3021
215,42.25,4655,HIGH_FIDELITY_CONTINUOUS,0.0
216,52.9,7489,APPROXIMATED_DISCRETE_MILP,0.3021
217,93.27,3664,APPROXIMATED_DISCRETE_MILP,0.3021
218,57.7,7315,APPROXIMATED_DISCRETE_MILP,0.3021
219,90.54,2626,APPROXIMATED_DISCRETE_MILP,0.3021
220,41.37,2382,HIGH_FIDELITY_CONTINUOUS,0.0
221,63.11,3082,HIGH_FIDELITY_CONTINUOUS,0.0
222,90.13,7135,APPROXIMATED_DISCRETE_MILP,0.3021
223,56.19,6055,APPROXIMATED_DISCRETE_MILP,0.3021
224,69.55,6366,APPROXIMATED_DISCRETE_MILP,0.3021
225,96.91,5192,APPROXIMATED_DISCRETE_MILP,0.3021
226,59.21,1026,HIGH_FIDELITY_CONTINUOUS,0.0
227,46.69,2939,HIGH_FIDELITY_CONTINUOUS,0.0
228,50.36,2974,HIGH_FIDELITY_CONTINUOUS,0.0
229,42.22,5687,APPROXIMATED_DISCRETE_MILP,0.3021
230,65.2,6768,APPROXIMATED_DISCRETE_MILP,0.3021
231,85.61,4374,APPROXIMATED_DISCRETE_MILP,0.3021
232,75.16,4989,HIGH_FIDELITY_CONTINUOUS,0.0
233,46.71,5523,APPROXIMATED_DISCRETE_MILP,0.3021
234,51.02,1163,HIGH_FIDELITY_CONTINUOUS,0.0
235,81.11,813,HIGH_FIDELITY_CONTINUOUS,0.0
236,70.16,7406,APPROXIMATED_DISCRETE_MILP,0.3021
237,71.23,6693,APPROXIMATED_DISCRETE_MILP,0.3021
238,94.54,6837,APPROXIMATED_DISCRETE_MILP,0.3021
239,78.9,3783,HIGH_FIDELITY_CONTINUOUS,0.0
240,65.02,6241,APPROXIMATED_DISCRETE_MILP,0.3021
241,93.4,5904,APPROXIMATED_DISCRETE_MILP,0.3021
242,58.21,7746,APPROXIMATED_DISCRETE_MILP,0.3021
243,47.23,3260,HIGH_FIDELITY_CONTINUOUS,0.0
244,69.41,6263,APPROXIMATED_DISCRETE_MILP,0.3021
245,63.69,4096,HIGH_FIDELITY_CONTINUOUS,0.0
246,80.44,5341,APPROXIMATED_DISCRETE_MILP,0.3021
247,47.38,4244,HIGH_FIDELITY_CONTINUOUS,0.0
248,78.57,3905,HIGH_FIDELITY_CONTINUOUS,0.0
249,79.28,2225,HIGH_FIDELITY_CONTINUOUS,0.0
250,75.7,3265,HIGH_FIDELITY_CONTINUOUS,0.0
251,63.55,7629,APPROXIMATED_DISCRETE_MILP,0.3021
252,40.02,3150,HIGH_FIDELITY_CONTINUOUS,0.0
253,52.19,7236,APPROXIMATED_DISCRETE_MILP,0.3021
254,73.64,6163,APPROXIMATED_DISCRETE_MILP,0.3021
255,58.69,4419,HIGH_FIDELITY_CONTINUOUS,0.0
256,65.65,2550,HIGH_FIDELITY_CONTINUOUS,0.0
257,69.65,7302,APPROXIMATED_DISCRETE_MILP,0.3021
258,92.27,7321,APPROXIMATED_DISCRETE_MILP,0.3021
259,82.69,6197,APPROXIMATED_DISCRETE_MILP,0.3021
260,44.92,5022,APPROXIMATED_DISCRETE_MILP,0.3021
261,78.5,5872,APPROXIMATED_DISCRETE_MILP,0.3021
262,59.44,7504,APPROXIMATED_DISCRETE_MILP,0.3021
263,95.22,2724,APPROXIMATED_DISCRETE_MILP,0.3021
264,79.02,2640,HIGH_FIDELITY_CONTINUOUS,0.0
265,86.78,2007,APPROXIMATED_DISCRETE_MILP,0.3021
266,41.42,2805,HIGH_FIDELITY_CONTINUOUS,0.0
267,97.07,5807,APPROXIMATED_DISCRETE_MILP,0.3021
268,89.28,1396,APPROXIMATED_DISCRETE_MILP,0.3021
269,66.41,5959,APPROXIMATED_DISCRETE_MILP,0.3021
270,73.39,6684,APPROXIMATED_DISCRETE_MILP,0.3021
271,80.39,4849,HIGH_FIDELITY_CONTINUOUS,0.0
272,63.18,2008,HIGH_FIDELITY_CONTINUOUS,0.0
273,78.05,845,HIGH_FIDELITY_CONTINUOUS,0.0
274,91.77,7848,APPROXIMATED_DISCRETE_MILP,0.3021
275,84.66,1673,HIGH_FIDELITY_CONTINUOUS,0.0
276,85.15,2592,APPROXIMATED_DISCRETE_MILP,0.3021
277,50.2,6500,APPROXIMATED_DISCRETE_MILP,0.3021
278,70.04,1211,HIGH_FIDELITY_CONTINUOUS,0.0
279,72.33,7749,APPROXIMATED_DISCRETE_MILP,0.3021
280,47.04,1892,HIGH_FIDELITY_CONTINUOUS,0.0
281,86.48,6268,APPROXIMATED_DISCRETE_MILP,0.3021
282,70.81,5378,APPROXIMATED_DISCRETE_MILP,0.3021
283,74.54,6987,APPROXIMATED_DISCRETE_MILP,0.3021
284,91.7,5818,APPROXIMATED_DISCRETE_MILP,0.3021
285,87.27,4935,APPROXIMATED_DISCRETE_MILP,0.3021
286,64.75,5288,APPROXIMATED_DISCRETE_MILP,0.3021
287,65.86,2103,HIGH_FIDELITY_CONTINUOUS,0.0
288,83.13,4688,HIGH_FIDELITY_CONTINUOUS,0.0
289,66.1,6958,APPROXIMATED_DISCRETE_MILP,0.3021
290,54.34,6023,APPROXIMATED_DISCRETE_MILP,0.3021
291,56.08,7170,APPROXIMATED_DISCRETE_MILP,0.3021
292,70.24,5934,APPROXIMATED_DISCRETE_MILP,0.3021
293,53.88,4403,HIGH_FIDELITY_CONTINUOUS,0.0
294,44.49,3140,HIGH_FIDELITY_CONTINUOUS,0.0
295,53.6,3551,HIGH_FIDELITY_CONTINUOUS,0.0
296,58.54,5224,APPROXIMATED_DISCRETE_MILP,0.3021
297,44.67,2035,HIGH_FIDELITY_CONTINUOUS,0.0
298,53.41,6484,APPROXIMATED_DISCRETE_MILP,0.3021
299,48.86,2552,HIGH_FIDELITY_CONTINUOUS,0.0
300,43.73,4139,HIGH_FIDELITY_CONTINUOUS,0.0
301,59.19,4616,HIGH_FIDELITY_CONTINUOUS,0.0
302,64.11,2494,HIGH_FIDELITY_CONTINUOUS,0.0
303,88.31,3990,APPROXIMATED_DISCRETE_MILP,0.3021
304,92.48,5584,APPROXIMATED_DISCRETE_MILP,0.3021
305,94.87,960,APPROXIMATED_DISCRETE_MILP,0.3021
306,89.69,7071,APPROXIMATED_DISCRETE_MILP,0.3021
307,73.39,4707,HIGH_FIDELITY_CONTINUOUS,0.0
308,40.34,3681,HIGH_FIDELITY_CONTINUOUS,0.0
309,57.32,3994,HIGH_FIDELITY_CONTINUOUS,0.0
310,89.5,7646,APPROXIMATED_DISCRETE_MILP,0.3021
311,64.3,6923,APPROXIMATED_DISCRETE_MILP,0.3021
312,82.61,7352,APPROXIMATED_DISCRETE_MILP,0.3021
313,74.99,2606,HIGH_FIDELITY_CONTINUOUS,0.0
314,68.32,3035,HIGH_FIDELITY_CONTINUOUS,0.0
315,65.28,1037,HIGH_FIDELITY_CONTINUOUS,0.0
316,62.55,6279,APPROXIMATED_DISCRETE_MILP,0.3021
317,79.39,4112,HIGH_FIDELITY_CONTINUOUS,0.0
318,82.0,7685,APPROXIMATED_DISCRETE_MILP,0.3021
319,67.11,1845,HIGH_FIDELITY_CONTINUOUS,0.0
320,96.88,5175,APPROXIMATED_DISCRETE_MILP,0.3021
321,41.56,4027,HIGH_FIDELITY_CONTINUOUS,0.0
322,74.33,6231,APPROXIMATED_DISCRETE_MILP,0.3021
323,41.57,6065,APPROXIMATED_DISCRETE_MILP,0.3021
324,64.86,7901,APPROXIMATED_DISCRETE_MILP,0.3021
325,66.78,1211,HIGH_FIDELITY_CONTINUOUS,0.0
326,55.09,3481,HIGH_FIDELITY_CONTINUOUS,0.0
327,52.28,3477,HIGH_FIDELITY_CONTINUOUS,0.0
328,59.58,3905,HIGH_FIDELITY_CONTINUOUS,0.0
329,56.14,7615,APPROXIMATED_DISCRETE_MILP,0.3021
330,64.45,7639,APPROXIMATED_DISCRETE_MILP,0.3021
331,44.75,958,HIGH_FIDELITY_CONTINUOUS,0.0
332,83.44,1226,HIGH_FIDELITY_CONTINUOUS,0.0
333,97.99,3666,APPROXIMATED_DISCRETE_MILP,0.3021
334,53.0,1362,HIGH_FIDELITY_CONTINUOUS,0.0
335,85.31,6139,APPROXIMATED_DISCRETE_MILP,0.3021
336,42.33,1054,HIGH_FIDELITY_CONTINUOUS,0.0
337,95.08,2433,APPROXIMATED_DISCRETE_MILP,0.3021
338,88.68,5889,APPROXIMATED_DISCRETE_MILP,0.3021
339,48.84,1834,HIGH_FIDELITY_CONTINUOUS,0.0
340,67.47,1737,HIGH_FIDELITY_CONTINUOUS,0.0
341,72.71,2585,HIGH_FIDELITY_CONTINUOUS,0.0
342,66.97,2899,HIGH_FIDELITY_CONTINUOUS,0.0
343,84.48,2174,HIGH_FIDELITY_CONTINUOUS,0.0
344,75.14,6927,APPROXIMATED_DISCRETE_MILP,0.3021
345,81.66,7171,APPROXIMATED_DISCRETE_MILP,0.3021
346,87.52,3348,APPROXIMATED_DISCRETE_MILP,0.3021
347,46.27,1010,HIGH_FIDELITY_CONTINUOUS,0.0
348,93.88,5516,APPROXIMATED_DISCRETE_MILP,0.3021
349,79.29,3874,HIGH_FIDELITY_CONTINUOUS,0.0
350,63.01,6657,APPROXIMATED_DISCRETE_MILP,0.3021
351,51.5,5650,APPROXIMATED_DISCRETE_MILP,0.3021
352,80.06,5938,APPROXIMATED_DISCRETE_MILP,0.3021
353,54.09,6511,APPROXIMATED_DISCRETE_MILP,0.3021
354,84.8,7765,APPROXIMATED_DISCRETE_MILP,0.3021
355,79.69,7398,APPROXIMATED_DISCRETE_MILP,0.3021
356,47.02,5436,APPROXIMATED_DISCRETE_MILP,0.3021
357,85.39,3644,APPROXIMATED_DISCRETE_MILP,0.3021
358,70.9,6219,APPROXIMATED_DISCRETE_MILP,0.3021
359,61.49,4944,HIGH_FIDELITY_CONTINUOUS,0.0
360,77.56,903,HIGH_FIDELITY_CONTINUOUS,0.0
361,89.28,7536,APPROXIMATED_DISCRETE_MILP,0.3021
362,68.43,4351,HIGH_FIDELITY_CONTINUOUS,0.0
363,95.73,6006,APPROXIMATED_DISCRETE_MILP,0.3021
364,91.71,4566,APPROXIMATED_DISCRETE_MILP,0.3021
365,81.02,4367,HIGH_FIDELITY_CONTINUOUS,0.0
366,50.22,5074,APPROXIMATED_DISCRETE_MILP,0.3021
367,96.0,3012,APPROXIMATED_DISCRETE_MILP,0.3021
368,75.72,5208,APPROXIMATED_DISCRETE_MILP,0.3021
369,84.93,4608,HIGH_FIDELITY_CONTINUOUS,0.0
370,65.26,6788,APPROXIMATED_DISCRETE_MILP,0.3021
371,74.36,3440,HIGH_FIDELITY_CONTINUOUS,0.0
372,89.4,7605,APPROXIMATED_DISCRETE_MILP,0.3021
373,94.21,3084,APPROXIMATED_DISCRETE_MILP,0.3021
374,91.13,2797,APPROXIMATED_DISCRETE_MILP,0.3021
375,83.53,5468,APPROXIMATED_DISCRETE_MILP,0.3021
376,75.4,3904,HIGH_FIDELITY_CONTINUOUS,0.0
377,59.51,4849,HIGH_FIDELITY_CONTINUOUS,0.0
378,89.36,2289,APPROXIMATED_DISCRETE_MILP,0.3021
379,68.28,3706,HIGH_FIDELITY_CONTINUOUS,0.0
380,86.27,3588,APPROXIMATED_DISCRETE_MILP,0.3021
381,56.22,5683,APPROXIMATED_DISCRETE_MILP,0.3021
382,80.67,3063,HIGH_FIDELITY_CONTINUOUS,0.0
383,72.24,5032,APPROXIMATED_DISCRETE_MILP,0.3021
384,94.99,1501,APPROXIMATED_DISCRETE_MILP,0.3021
385,54.0,4129,HIGH_FIDELITY_CONTINUOUS,0.0
386,68.34,7010,APPROXIMATED_DISCRETE_MILP,0.3021
387,53.94,4700,HIGH_FIDELITY_CONTINUOUS,0.0
388,77.46,4820,HIGH_FIDELITY_CONTINUOUS,0.0
389,65.99,941,HIGH_FIDELITY_CONTINUOUS,0.0
390,45.4,2615,HIGH_FIDELITY_CONTINUOUS,0.0
391,63.46,2793,HIGH_FIDELITY_CONTINUOUS,0.0
392,57.76,5564,APPROXIMATED_DISCRETE_MILP,0.3021
393,61.4,5334,APPROXIMATED_DISCRETE_MILP,0.3021
394,70.79,4285,HIGH_FIDELITY_CONTINUOUS,0.0
395,97.8,5308,APPROXIMATED_DISCRETE_MILP,0.3021
396,59.19,6557,APPROXIMATED_DISCRETE_MILP,0.3021
397,66.32,3311,HIGH_FIDELITY_CONTINUOUS,0.0
398,54.58,1788,HIGH_FIDELITY_CONTINUOUS,0.0
399,81.83,3384,HIGH_FIDELITY_CONTINUOUS,0.0
400,46.93,5189,APPROXIMATED_DISCRETE_MILP,0.3021
401,95.15,6453,APPROXIMATED_DISCRETE_MILP,0.3021
402,50.74,2572,HIGH_FIDELITY_CONTINUOUS,0.0
403,82.84,3065,HIGH_FIDELITY_CONTINUOUS,0.0
404,82.03,7027,APPROXIMATED_DISCRETE_MILP,0.3021
405,70.43,3118,HIGH_FIDELITY_CONTINUOUS,0.0
406,96.87,7620,APPROXIMATED_DISCRETE_MILP,0.3021
407,51.26,2663,HIGH_FIDELITY_CONTINUOUS,0.0
408,60.93,3276,HIGH_FIDELITY_CONTINUOUS,0.0
409,40.82,5175,APPROXIMATED_DISCRETE_MILP,0.3021
410,47.34,1172,HIGH_FIDELITY_CONTINUOUS,0.0
411,96.51,5333,APPROXIMATED_DISCRETE_MILP,0.3021
412,56.94,1834,HIGH_FIDELITY_CONTINUOUS,0.0
413,77.0,6966,APPROXIMATED_DISCRETE_MILP,0.3021
414,68.47,7949,APPROXIMATED_DISCRETE_MILP,0.3021
415,40.71,3129,HIGH_FIDELITY_CONTINUOUS,0.0
416,67.23,4408,HIGH_FIDELITY_CONTINUOUS,0.0
417,59.76,1220,HIGH_FIDELITY_CONTINUOUS,0.0
418,54.64,7859,APPROXIMATED_DISCRETE_MILP,0.3021
419,67.71,7534,APPROXIMATED_DISCRETE_MILP,0.3021
420,43.79,4828,HIGH_FIDELITY_CONTINUOUS,0.0
421,44.3,5956,APPROXIMATED_DISCRETE_MILP,0.3021
422,79.81,2042,HIGH_FIDELITY_CONTINUOUS,0.0
423,48.65,5410,APPROXIMATED_DISCRETE_MILP,0.3021
424,95.05,1497,APPROXIMATED_DISCRETE_MILP,0.3021
425,97.65,1770,APPROXIMATED_DISCRETE_MILP,0.3021
426,72.37,4209,HIGH_FIDELITY_CONTINUOUS,0.0
427,75.17,7277,APPROXIMATED_DISCRETE_MILP,0.3021
428,75.87,7154,APPROXIMATED_DISCRETE_MILP,0.3021
429,70.31,4490,HIGH_FIDELITY_CONTINUOUS,0.0
430,92.69,3235,APPROXIMATED_DISCRETE_MILP,0.3021
431,89.89,4312,APPROXIMATED_DISCRETE_MILP,0.3021
432,57.71,5887,APPROXIMATED_DISCRETE_MILP,0.3021
433,43.49,6862,APPROXIMATED_DISCRETE_MILP,0.3021
434,45.76,7048,APPROXIMATED_DISCRETE_MILP,0.3021
435,52.05,2528,HIGH_FIDELITY_CONTINUOUS,0.0
436,55.35,1465,HIGH_FIDELITY_CONTINUOUS,0.0
437,49.11,2223,HIGH_FIDELITY_CONTINUOUS,0.0
438,72.02,2082,HIGH_FIDELITY_CONTINUOUS,0.0
439,40.16,4490,HIGH_FIDELITY_CONTINUOUS,0.0
440,79.98,4649,HIGH_FIDELITY_CONTINUOUS,0.0
441,56.89,2696,HIGH_FIDELITY_CONTINUOUS,0.0
442,56.71,3116,HIGH_FIDELITY_CONTINUOUS,0.0
443,80.77,4519,HIGH_FIDELITY_CONTINUOUS,0.0
444,44.13,2712,HIGH_FIDELITY_CONTINUOUS,0.0
445,93.59,7253,APPROXIMATED_DISCRETE_MILP,0.3021
446,85.89,5631,APPROXIMATED_DISCRETE_MILP,0.3021
447,78.35,2420,HIGH_FIDELITY_CONTINUOUS,0.0
448,64.66,5261,APPROXIMATED_DISCRETE_MILP,0.3021
449,53.04,2020,HIGH_FIDELITY_CONTINUOUS,0.0
450,92.69,7571,APPROXIMATED_DISCRETE_MILP,0.3021
451,48.25,1288,HIGH_FIDELITY_CONTINUOUS,0.0
452,49.62,3319,HIGH_FIDELITY_CONTINUOUS,0.0
453,74.51,7552,APPROXIMATED_DISCRETE_MILP,0.3021
454,73.01,3164,HIGH_FIDELITY_CONTINUOUS,0.0
455,65.47,4639,HIGH_FIDELITY_CONTINUOUS,0.0
456,79.94,6532,APPROXIMATED_DISCRETE_MILP,0.3021
457,63.35,3030,HIGH_FIDELITY_CONTINUOUS,0.0
458,69.03,4845,HIGH_FIDELITY_CONTINUOUS,0.0
459,65.39,5699,APPROXIMATED_DISCRETE_MILP,0.3021
460,42.31,4339,HIGH_FIDELITY_CONTINUOUS,0.0
461,82.6,5745,APPROXIMATED_DISCRETE_MILP,0.3021
462,54.52,1548,HIGH_FIDELITY_CONTINUOUS,0.0
463,53.28,6323,APPROXIMATED_DISCRETE_MILP,0.3021
464,88.49,5512,APPROXIMATED_DISCRETE_MILP,0.3021
465,74.05,969,HIGH_FIDELITY_CONTINUOUS,0.0
466,97.98,6307,APPROXIMATED_DISCRETE_MILP,0.3021
467,87.64,5520,APPROXIMATED_DISCRETE_MILP,0.3021
468,42.33,6995,APPROXIMATED_DISCRETE_MILP,0.3021
469,50.16,5051,APPROXIMATED_DISCRETE_MILP,0.3021
470,77.79,3078,HIGH_FIDELITY_CONTINUOUS,0.0
471,50.53,5595,APPROXIMATED_DISCRETE_MILP,0.3021
472,65.28,7470,APPROXIMATED_DISCRETE_MILP,0.3021
473,68.52,1547,HIGH_FIDELITY_CONTINUOUS,0.0
474,67.26,4145,HIGH_FIDELITY_CONTINUOUS,0.0
475,59.33,6289,APPROXIMATED_DISCRETE_MILP,0.3021
476,46.07,2117,HIGH_FIDELITY_CONTINUOUS,0.0
477,59.13,6482,APPROXIMATED_DISCRETE_MILP,0.3021
478,68.74,6227,APPROXIMATED_DISCRETE_MILP,0.3021
479,94.82,7464,APPROXIMATED_DISCRETE_MILP,0.3021
480,84.11,1100,HIGH_FIDELITY_CONTINUOUS,0.0
481,66.38,3376,HIGH_FIDELITY_CONTINUOUS,0.0
482,54.64,1749,HIGH_FIDELITY_CONTINUOUS,0.0
483,96.27,4111,APPROXIMATED_DISCRETE_MILP,0.3021
484,90.16,7557,APPROXIMATED_DISCRETE_MILP,0.3021
485,97.31,6187,APPROXIMATED_DISCRETE_MILP,0.3021
486,90.42,4584,APPROXIMATED_DISCRETE_MILP,0.3021
487,63.97,2336,HIGH_FIDELITY_CONTINUOUS,0.0
488,70.07,5900,APPROXIMATED_DISCRETE_MILP,0.3021
489,83.87,5923,APPROXIMATED_DISCRETE_MILP,0.3021
490,65.64,1222,HIGH_FIDELITY_CONTINUOUS,0.0
491,51.81,5299,APPROXIMATED_DISCRETE_MILP,0.3021
492,47.6,3159,HIGH_FIDELITY_CONTINUOUS,0.0
493,65.41,6520,APPROXIMATED_DISCRETE_MILP,0.3021
494,68.11,1036,HIGH_FIDELITY_CONTINUOUS,0.0
495,96.44,5787,APPROXIMATED_DISCRETE_MILP,0.3021
496,86.36,6614,APPROXIMATED_DISCRETE_MILP,0.3021
497,49.19,5312,APPROXIMATED_DISCRETE_MILP,0.3021
498,40.79,4142,HIGH_FIDELITY_CONTINUOUS,0.0
499,45.41,7692,APPROXIMATED_DISCRETE_MILP,0.3021
500,92.95,4580,APPROXIMATED_DISCRETE_MILP,0.3021
501,94.93,6106,APPROXIMATED_DISCRETE_MILP,0.3021
502,88.26,4882,APPROXIMATED_DISCRETE_MILP,0.3021
503,94.09,3190,APPROXIMATED_DISCRETE_MILP,0.3021
504,69.51,3039,HIGH_FIDELITY_CONTINUOUS,0.0
505,64.1,4752,HIGH_FIDELITY_CONTINUOUS,0.0
506,96.85,2796,APPROXIMATED_DISCRETE_MILP,0.3021
507,66.49,1984,HIGH_FIDELITY_CONTINUOUS,0.0
508,62.25,5710,APPROXIMATED_DISCRETE_MILP,0.3021
509,69.48,1918,HIGH_FIDELITY_CONTINUOUS,0.0
510,90.11,3063,APPROXIMATED_DISCRETE_MILP,0.3021
511,84.82,7799,APPROXIMATED_DISCRETE_MILP,0.3021
512,64.07,7252,APPROXIMATED_DISCRETE_MILP,0.3021
513,69.45,7521,APPROXIMATED_DISCRETE_MILP,0.3021
514,40.15,6747,APPROXIMATED_DISCRETE_MILP,0.3021
515,57.32,5608,APPROXIMATED_DISCRETE_MILP,0.3021
516,73.64,6206,APPROXIMATED_DISCRETE_MILP,0.3021
517,68.4,2017,HIGH_FIDELITY_CONTINUOUS,0.0
518,65.9,4767,HIGH_FIDELITY_CONTINUOUS,0.0
519,60.02,5321,APPROXIMATED_DISCRETE_MILP,0.3021
520,84.25,3890,HIGH_FIDELITY_CONTINUOUS,0.0
521,66.41,3436,HIGH_FIDELITY_CONTINUOUS,0.0
522,90.44,6513,APPROXIMATED_DISCRETE_MILP,0.3021
523,53.85,3937,HIGH_FIDELITY_CONTINUOUS,0.0
524,53.55,7153,APPROXIMATED_DISCRETE_MILP,0.3021
525,63.82,3406,HIGH_FIDELITY_CONTINUOUS,0.0
526,83.19,6577,APPROXIMATED_DISCRETE_MILP,0.3021
527,92.98,3923,APPROXIMATED_DISCRETE_MILP,0.3021
528,62.39,6236,APPROXIMATED_DISCRETE_MILP,0.3021
529,85.96,6141,APPROXIMATED_DISCRETE_MILP,0.3021
530,96.89,4857,APPROXIMATED_DISCRETE_MILP,0.3021
531,95.96,1834,APPROXIMATED_DISCRETE_MILP,0.3021
532,69.13,5634,APPROXIMATED_DISCRETE_MILP,0.3021
533,59.26,1622,HIGH_FIDELITY_CONTINUOUS,0.0
534,90.7,4406,APPROXIMATED_DISCRETE_MILP,0.3021
535,45.78,4543,HIGH_FIDELITY_CONTINUOUS,0.0
536,40.89,1980,HIGH_FIDELITY_CONTINUOUS,0.0
537,63.78,6163,APPROXIMATED_DISCRETE_MILP,0.3021
538,96.26,1412,APPROXIMATED_DISCRETE_MILP,0.3021
539,67.23,2971,HIGH_FIDELITY_CONTINUOUS,0.0
540,59.64,6474,APPROXIMATED_DISCRETE_MILP,0.3021
541,63.05,1457,HIGH_FIDELITY_CONTINUOUS,0.0
542,89.4,7782,APPROXIMATED_DISCRETE_MILP,0.3021
543,79.11,5171,APPROXIMATED_DISCRETE_MILP,0.3021
544,62.04,3394,HIGH_FIDELITY_CONTINUOUS,0.0
545,76.35,7021,APPROXIMATED_DISCRETE_MILP,0.3021
546,68.3,5232,APPROXIMATED_DISCRETE_MILP,0.3021
547,42.08,1360,HIGH_FIDELITY_CONTINUOUS,0.0
548,53.62,6406,APPROXIMATED_DISCRETE_MILP,0.3021
549,93.41,2663,APPROXIMATED_DISCRETE_MILP,0.3021
550,83.31,4355,HIGH_FIDELITY_CONTINUOUS,0.0
551,96.74,7028,APPROXIMATED_DISCRETE_MILP,0.3021
552,76.76,7948,APPROXIMATED_DISCRETE_MILP,0.3021
553,45.83,2162,HIGH_FIDELITY_CONTINUOUS,0.0
554,80.25,1037,HIGH_FIDELITY_CONTINUOUS,0.0
555,42.67,7322,APPROXIMATED_DISCRETE_MILP,0.3021
556,43.25,3736,HIGH_FIDELITY_CONTINUOUS,0.0
557,61.74,1992,HIGH_FIDELITY_CONTINUOUS,0.0
558,54.16,4175,HIGH_FIDELITY_CONTINUOUS,0.0
559,72.82,7292,APPROXIMATED_DISCRETE_MILP,0.3021
560,50.44,2234,HIGH_FIDELITY_CONTINUOUS,0.0
561,44.58,7933,APPROXIMATED_DISCRETE_MILP,0.3021
562,62.19,6396,APPROXIMATED_DISCRETE_MILP,0.3021
563,53.97,5577,APPROXIMATED_DISCRETE_MILP,0.3021
564,48.3,4577,HIGH_FIDELITY_CONTINUOUS,0.0
565,77.0,4564,HIGH_FIDELITY_CONTINUOUS,0.0
566,54.81,876,HIGH_FIDELITY_CONTINUOUS,0.0
567,92.14,4611,APPROXIMATED_DISCRETE_MILP,0.3021
568,92.27,6350,APPROXIMATED_DISCRETE_MILP,0.3021
569,71.7,1405,HIGH_FIDELITY_CONTINUOUS,0.0
570,65.62,3630,HIGH_FIDELITY_CONTINUOUS,0.0
571,97.28,3250,APPROXIMATED_DISCRETE_MILP,0.3021
572,77.06,4275,HIGH_FIDELITY_CONTINUOUS,0.0
573,80.04,4542,HIGH_FIDELITY_CONTINUOUS,0.0
574,89.03,2431,APPROXIMATED_DISCRETE_MILP,0.3021
575,97.96,7790,APPROXIMATED_DISCRETE_MILP,0.3021
576,68.03,2743,HIGH_FIDELITY_CONTINUOUS,0.0
577,62.12,3740,HIGH_FIDELITY_CONTINUOUS,0.0
578,73.34,6528,APPROXIMATED_DISCRETE_MILP,0.3021
579,57.12,7599,APPROXIMATED_DISCRETE_MILP,0.3021
580,78.18,3048,HIGH_FIDELITY_CONTINUOUS,0.0
581,40.47,7886,APPROXIMATED_DISCRETE_MILP,0.3021
582,79.78,6900,APPROXIMATED_DISCRETE_MILP,0.3021
583,96.47,5767,APPROXIMATED_DISCRETE_MILP,0.3021
584,83.22,7622,APPROXIMATED_DISCRETE_MILP,0.3021
585,92.44,3144,APPROXIMATED_DISCRETE_MILP,0.3021
586,84.99,2685,HIGH_FIDELITY_CONTINUOUS,0.0
587,75.21,3686,HIGH_FIDELITY_CONTINUOUS,0.0
588,52.7,2357,HIGH_FIDELITY_CONTINUOUS,0.0
589,76.01,6352,APPROXIMATED_DISCRETE_MILP,0.3021
590,83.82,7087,APPROXIMATED_DISCRETE_MILP,0.3021
591,78.23,7667,APPROXIMATED_DISCRETE_MILP,0.3021
592,47.93,1595,HIGH_FIDELITY_CONTINUOUS,0.0
593,92.4,6094,APPROXIMATED_DISCRETE_MILP,0.3021
594,42.29,7260,APPROXIMATED_DISCRETE_MILP,0.3021
595,65.57,5547,APPROXIMATED_DISCRETE_MILP,0.3021
596,61.16,1876,HIGH_FIDELITY_CONTINUOUS,0.0
597,45.23,3217,HIGH_FIDELITY_CONTINUOUS,0.0
598,58.95,4203,HIGH_FIDELITY_CONTINUOUS,0.0
599,50.19,1882,HIGH_FIDELITY_CONTINUOUS,0.0
600,85.62,7979,APPROXIMATED_DISCRETE_MILP,0.3021
601,96.35,5148,APPROXIMATED_DISCRETE_MILP,0.3021
602,69.1,3032,HIGH_FIDELITY_CONTINUOUS,0.0
603,88.17,2905,APPROXIMATED_DISCRETE_MILP,0.3021
604,93.01,4747,APPROXIMATED_DISCRETE_MILP,0.3021
605,96.11,3217,APPROXIMATED_DISCRETE_MILP,0.3021
606,83.3,3574,HIGH_FIDELITY_CONTINUOUS,0.0
607,86.65,4636,APPROXIMATED_DISCRETE_MILP,0.3021
608,95.85,1953,APPROXIMATED_DISCRETE_MILP,0.3021
609,83.74,2648,HIGH_FIDELITY_CONTINUOUS,0.0
610,89.89,6732,APPROXIMATED_DISCRETE_MILP,0.3021
611,79.12,4055,HIGH_FIDELITY_CONTINUOUS,0.0
612,96.1,7391,APPROXIMATED_DISCRETE_MILP,0.3021
613,72.32,1539,HIGH_FIDELITY_CONTINUOUS,0.0
614,85.86,914,APPROXIMATED_DISCRETE_MILP,0.3021
615,55.34,1812,HIGH_FIDELITY_CONTINUOUS,0.0
616,66.38,6311,APPROXIMATED_DISCRETE_MILP,0.3021
617,83.44,2947,HIGH_FIDELITY_CONTINUOUS,0.0
618,73.9,7537,APPROXIMATED_DISCRETE_MILP,0.3021
619,77.04,3843,HIGH_FIDELITY_CONTINUOUS,0.0
620,46.28,2715,HIGH_FIDELITY_CONTINUOUS,0.0
621,67.35,5875,APPROXIMATED_DISCRETE_MILP,0.3021
622,91.29,5399,APPROXIMATED_DISCRETE_MILP,0.3021
623,59.02,5797,APPROXIMATED_DISCRETE_MILP,0.3021
624,52.84,1317,HIGH_FIDELITY_CONTINUOUS,0.0
625,76.85,4603,HIGH_FIDELITY_CONTINUOUS,0.0
626,92.74,3275,APPROXIMATED_DISCRETE_MILP,0.3021
627,77.66,1755,HIGH_FIDELITY_CONTINUOUS,0.0
628,48.11,1104,HIGH_FIDELITY_CONTINUOUS,0.0
629,57.65,4835,HIGH_FIDELITY_CONTINUOUS,0.0
630,46.73,2723,HIGH_FIDELITY_CONTINUOUS,0.0
631,91.46,1911,APPROXIMATED_DISCRETE_MILP,0.3021
632,62.54,3839,HIGH_FIDELITY_CONTINUOUS,0.0
633,78.89,6887,APPROXIMATED_DISCRETE_MILP,0.3021
634,80.4,5225,APPROXIMATED_DISCRETE_MILP,0.3021
635,64.31,6880,APPROXIMATED_DISCRETE_MILP,0.3021
636,82.14,4198,HIGH_FIDELITY_CONTINUOUS,0.0
637,77.99,7629,APPROXIMATED_DISCRETE_MILP,0.3021
638,68.38,4143,HIGH_FIDELITY_CONTINUOUS,0.0
639,94.47,3091,APPROXIMATED_DISCRETE_MILP,0.3021
640,41.9,3835,HIGH_FIDELITY_CONTINUOUS,0.0
641,52.6,4442,HIGH_FIDELITY_CONTINUOUS,0.0
642,95.13,7807,APPROXIMATED_DISCRETE_MILP,0.3021
643,61.04,6417,APPROXIMATED_DISCRETE_MILP,0.3021
644,61.31,6082,APPROXIMATED_DISCRETE_MILP,0.3021
645,60.8,4061,HIGH_FIDELITY_CONTINUOUS,0.0
646,56.0,1800,HIGH_FIDELITY_CONTINUOUS,0.0
647,95.04,7551,APPROXIMATED_DISCRETE_MILP,0.3021
648,66.37,6229,APPROXIMATED_DISCRETE_MILP,0.3021
649,52.3,6038,APPROXIMATED_DISCRETE_MILP,0.3021
650,74.63,974,HIGH_FIDELITY_CONTINUOUS,0.0
651,42.93,3532,HIGH_FIDELITY_CONTINUOUS,0.0
652,54.13,1831,HIGH_FIDELITY_CONTINUOUS,0.0
653,85.64,2481,APPROXIMATED_DISCRETE_MILP,0.3021
654,43.98,7068,APPROXIMATED_DISCRETE_MILP,0.3021
655,72.14,5603,APPROXIMATED_DISCRETE_MILP,0.3021
656,52.53,7924,APPROXIMATED_DISCRETE_MILP,0.3021
657,53.51,7143,APPROXIMATED_DISCRETE_MILP,0.3021
658,48.56,5682,APPROXIMATED_DISCRETE_MILP,0.3021
659,40.16,7832,APPROXIMATED_DISCRETE_MILP,0.3021
660,97.07,1864,APPROXIMATED_DISCRETE_MILP,0.3021
661,71.33,7341,APPROXIMATED_DISCRETE_MILP,0.3021
662,50.12,6215,APPROXIMATED_DISCRETE_MILP,0.3021
663,90.25,1879,APPROXIMATED_DISCRETE_MILP,0.3021
664,40.86,7271,APPROXIMATED_DISCRETE_MILP,0.3021
665,85.73,5623,APPROXIMATED_DISCRETE_MILP,0.3021
666,58.78,2227,HIGH_FIDELITY_CONTINUOUS,0.0
667,55.39,1838,HIGH_FIDELITY_CONTINUOUS,0.0
668,83.02,5109,APPROXIMATED_DISCRETE_MILP,0.3021
669,46.59,1320,HIGH_FIDELITY_CONTINUOUS,0.0
670,67.62,7173,APPROXIMATED_DISCRETE_MILP,0.3021
671,61.0,5663,APPROXIMATED_DISCRETE_MILP,0.3021
672,46.33,4927,HIGH_FIDELITY_CONTINUOUS,0.0
673,52.85,5838,APPROXIMATED_DISCRETE_MILP,0.3021
674,42.52,7216,APPROXIMATED_DISCRETE_MILP,0.3021
675,92.71,6197,APPROXIMATED_DISCRETE_MILP,0.3021
676,70.24,4552,HIGH_FIDELITY_CONTINUOUS,0.0
677,77.31,1055,HIGH_FIDELITY_CONTINUOUS,0.0
678,43.53,4723,HIGH_FIDELITY_CONTINUOUS,0.0
679,89.14,4292,APPROXIMATED_DISCRETE_MILP,0.3021
680,79.79,4816,HIGH_FIDELITY_CONTINUOUS,0.0
681,81.32,4433,HIGH_FIDELITY_CONTINUOUS,0.0
682,44.26,1461,HIGH_FIDELITY_CONTINUOUS,0.0
683,58.68,2015,HIGH_FIDELITY_CONTINUOUS,0.0
684,43.81,3052,HIGH_FIDELITY_CONTINUOUS,0.0
685,76.21,5595,APPROXIMATED_DISCRETE_MILP,0.3021
686,71.8,3463,HIGH_FIDELITY_CONTINUOUS,0.0
687,62.09,5693,APPROXIMATED_DISCRETE_MILP,0.3021
688,70.77,4516,HIGH_FIDELITY_CONTINUOUS,0.0
689,69.32,4324,HIGH_FIDELITY_CONTINUOUS,0.0
690,45.75,6548,APPROXIMATED_DISCRETE_MILP,0.3021
691,46.64,6163,APPROXIMATED_DISCRETE_MILP,0.3021
692,77.75,7099,APPROXIMATED_DISCRETE_MILP,0.3021
693,71.98,7890,APPROXIMATED_DISCRETE_MILP,0.3021
694,52.47,4499,HIGH_FIDELITY_CONTINUOUS,0.0
695,91.51,4189,APPROXIMATED_DISCRETE_MILP,0.3021
696,59.66,4515,HIGH_FIDELITY_CONTINUOUS,0.0
697,63.13,6776,APPROXIMATED_DISCRETE_MILP,0.3021
698,45.51,4296,HIGH_FIDELITY_CONTINUOUS,0.0
699,58.13,2888,HIGH_FIDELITY_CONTINUOUS,0.0
700,61.71,2050,HIGH_FIDELITY_CONTINUOUS,0.0
701,79.84,4685,HIGH_FIDELITY_CONTINUOUS,0.0
702,43.89,7613,APPROXIMATED_DISCRETE_MILP,0.3021
703,44.95,4337,HIGH_FIDELITY_CONTINUOUS,0.0
704,45.6,6852,APPROXIMATED_DISCRETE_MILP,0.3021
705,61.61,1865,HIGH_FIDELITY_CONTINUOUS,0.0
706,72.27,5604,APPROXIMATED_DISCRETE_MILP,0.3021
707,95.48,5401,APPROXIMATED_DISCRETE_MILP,0.3021
708,59.12,1801,HIGH_FIDELITY_CONTINUOUS,0.0
709,63.83,7956,APPROXIMATED_DISCRETE_MILP,0.3021
710,78.59,6946,APPROXIMATED_DISCRETE_MILP,0.3021
711,64.53,6706,APPROXIMATED_DISCRETE_MILP,0.3021
712,42.98,3156,HIGH_FIDELITY_CONTINUOUS,0.0
713,74.82,3680,HIGH_FIDELITY_CONTINUOUS,0.0
714,46.01,4956,HIGH_FIDELITY_CONTINUOUS,0.0
715,52.34,6179,APPROXIMATED_DISCRETE_MILP,0.3021
716,67.97,7740,APPROXIMATED_DISCRETE_MILP,0.3021
717,46.28,7725,APPROXIMATED_DISCRETE_MILP,0.3021
718,72.26,1741,HIGH_FIDELITY_CONTINUOUS,0.0
719,84.23,5503,APPROXIMATED_DISCRETE_MILP,0.3021
720,53.12,4315,HIGH_FIDELITY_CONTINUOUS,0.0
721,89.02,7086,APPROXIMATED_DISCRETE_MILP,0.3021
722,87.47,5826,APPROXIMATED_DISCRETE_MILP,0.3021
723,79.15,5360,APPROXIMATED_DISCRETE_MILP,0.3021
724,41.52,6188,APPROXIMATED_DISCRETE_MILP,0.3021
725,88.11,2990,APPROXIMATED_DISCRETE_MILP,0.3021
726,41.68,3038,HIGH_FIDELITY_CONTINUOUS,0.0
727,80.76,3331,HIGH_FIDELITY_CONTINUOUS,0.0
728,93.45,3675,APPROXIMATED_DISCRETE_MILP,0.3021
729,40.35,7925,APPROXIMATED_DISCRETE_MILP,0.3021
730,48.31,6184,APPROXIMATED_DISCRETE_MILP,0.3021
731,63.25,1962,HIGH_FIDELITY_CONTINUOUS,0.0
732,82.98,1051,HIGH_FIDELITY_CONTINUOUS,0.0
733,45.32,5145,APPROXIMATED_DISCRETE_MILP,0.3021
734,52.48,4239,HIGH_FIDELITY_CONTINUOUS,0.0
735,66.31,2089,HIGH_FIDELITY_CONTINUOUS,0.0
736,61.46,6711,APPROXIMATED_DISCRETE_MILP,0.3021
737,58.81,5449,APPROXIMATED_DISCRETE_MILP,0.3021
738,74.58,1230,HIGH_FIDELITY_CONTINUOUS,0.0
739,49.02,6980,APPROXIMATED_DISCRETE_MILP,0.3021
740,75.83,6321,APPROXIMATED_DISCRETE_MILP,0.3021
741,44.73,4429,HIGH_FIDELITY_CONTINUOUS,0.0
742,78.39,4778,HIGH_FIDELITY_CONTINUOUS,0.0
743,75.21,4192,HIGH_FIDELITY_CONTINUOUS,0.0
744,55.84,6984,APPROXIMATED_DISCRETE_MILP,0.3021
745,69.72,3627,HIGH_FIDELITY_CONTINUOUS,0.0
746,64.93,3120,HIGH_FIDELITY_CONTINUOUS,0.0
747,79.34,5658,APPROXIMATED_DISCRETE_MILP,0.3021
748,68.22,6265,APPROXIMATED_DISCRETE_MILP,0.3021
749,57.89,2606,HIGH_FIDELITY_CONTINUOUS,0.0
750,62.93,5709,APPROXIMATED_DISCRETE_MILP,0.3021
751,43.18,2474,HIGH_FIDELITY_CONTINUOUS,0.0
752,57.48,2530,HIGH_FIDELITY_CONTINUOUS,0.0
753,84.51,7060,APPROXIMATED_DISCRETE_MILP,0.3021
754,54.82,3487,HIGH_FIDELITY_CONTINUOUS,0.0
755,46.96,4874,HIGH_FIDELITY_CONTINUOUS,0.0
756,83.33,2239,HIGH_FIDELITY_CONTINUOUS,0.0
757,47.49,5162,APPROXIMATED_DISCRETE_MILP,0.3021
758,80.81,4898,HIGH_FIDELITY_CONTINUOUS,0.0
759,72.41,6272,APPROXIMATED_DISCRETE_MILP,0.3021
760,86.76,1390,APPROXIMATED_DISCRETE_MILP,0.3021
761,63.03,6878,APPROXIMATED_DISCRETE_MILP,0.3021
762,42.45,953,HIGH_FIDELITY_CONTINUOUS,0.0
763,66.67,1437,HIGH_FIDELITY_CONTINUOUS,0.0
764,90.0,5516,APPROXIMATED_DISCRETE_MILP,0.3021
765,64.9,4113,HIGH_FIDELITY_CONTINUOUS,0.0
766,81.15,4221,HIGH_FIDELITY_CONTINUOUS,0.0
767,56.79,4118,HIGH_FIDELITY_CONTINUOUS,0.0
768,41.21,3460,HIGH_FIDELITY_CONTINUOUS,0.0
769,49.97,5863,APPROXIMATED_DISCRETE_MILP,0.3021
770,66.69,6449,APPROXIMATED_DISCRETE_MILP,0.3021
771,93.35,1521,APPROXIMATED_DISCRETE_MILP,0.3021
772,65.33,1667,HIGH_FIDELITY_CONTINUOUS,0.0
773,54.11,5624,APPROXIMATED_DISCRETE_MILP,0.3021
774,63.23,1444,HIGH_FIDELITY_CONTINUOUS,0.0
775,62.95,3341,HIGH_FIDELITY_CONTINUOUS,0.0
776,83.26,2615,HIGH_FIDELITY_CONTINUOUS,0.0
777,59.32,2177,HIGH_FIDELITY_CONTINUOUS,0.0
778,44.43,5987,APPROXIMATED_DISCRETE_MILP,0.3021
779,46.61,4977,HIGH_FIDELITY_CONTINUOUS,0.0
780,51.25,7158,APPROXIMATED_DISCRETE_MILP,0.3021
781,60.26,6758,APPROXIMATED_DISCRETE_MILP,0.3021
782,95.58,6087,APPROXIMATED_DISCRETE_MILP,0.3021
783,87.27,2735,APPROXIMATED_DISCRETE_MILP,0.3021
784,45.96,2896,HIGH_FIDELITY_CONTINUOUS,0.0
785,51.44,5734,APPROXIMATED_DISCRETE_MILP,0.3021
786,48.87,7018,APPROXIMATED_DISCRETE_MILP,0.3021
787,78.02,2251,HIGH_FIDELITY_CONTINUOUS,0.0
788,95.17,5944,APPROXIMATED_DISCRETE_MILP,0.3021
789,68.66,6980,APPROXIMATED_DISCRETE_MILP,0.3021
790,72.7,5547,APPROXIMATED_DISCRETE_MILP,0.3021
791,66.04,5424,APPROXIMATED_DISCRETE_MILP,0.3021
792,77.29,5916,APPROXIMATED_DISCRETE_MILP,0.3021
793,58.75,5938,APPROXIMATED_DISCRETE_MILP,0.3021
794,58.34,4402,HIGH_FIDELITY_CONTINUOUS,0.0
795,43.96,4422,HIGH_FIDELITY_CONTINUOUS,0.0
796,76.62,7323,APPROXIMATED_DISCRETE_MILP,0.3021
797,55.93,1260,HIGH_FIDELITY_CONTINUOUS,0.0
798,60.41,1407,HIGH_FIDELITY_CONTINUOUS,0.0
799,58.0,4502,HIGH_FIDELITY_CONTINUOUS,0.0
800,42.18,3820,HIGH_FIDELITY_CONTINUOUS,0.0
801,88.24,1428,APPROXIMATED_DISCRETE_MILP,0.3021
802,77.39,7806,APPROXIMATED_DISCRETE_MILP,0.3021
803,45.24,5666,APPROXIMATED_DISCRETE_MILP,0.3021
804,69.41,4590,HIGH_FIDELITY_CONTINUOUS,0.0
805,73.66,7286,APPROXIMATED_DISCRETE_MILP,0.3021
806,82.86,1136,HIGH_FIDELITY_CONTINUOUS,0.0
807,66.08,7434,APPROXIMATED_DISCRETE_MILP,0.3021
808,73.16,2342,HIGH_FIDELITY_CONTINUOUS,0.0
809,58.65,4696,HIGH_FIDELITY_CONTINUOUS,0.0
810,69.08,1306,HIGH_FIDELITY_CONTINUOUS,0.0
811,66.13,7443,APPROXIMATED_DISCRETE_MILP,0.3021
812,92.15,3613,APPROXIMATED_DISCRETE_MILP,0.3021
813,96.98,1490,APPROXIMATED_DISCRETE_MILP,0.3021
814,69.26,2213,HIGH_FIDELITY_CONTINUOUS,0.0
815,42.27,6596,APPROXIMATED_DISCRETE_MILP,0.3021
816,65.39,4399,HIGH_FIDELITY_CONTINUOUS,0.0
817,70.4,5795,APPROXIMATED_DISCRETE_MILP,0.3021
818,49.21,3854,HIGH_FIDELITY_CONTINUOUS,0.0
819,93.24,3973,APPROXIMATED_DISCRETE_MILP,0.3021
820,63.71,3571,HIGH_FIDELITY_CONTINUOUS,0.0
821,79.38,1228,HIGH_FIDELITY_CONTINUOUS,0.0
822,85.78,6102,APPROXIMATED_DISCRETE_MILP,0.3021
823,59.41,3500,HIGH_FIDELITY_CONTINUOUS,0.0
824,45.48,6357,APPROXIMATED_DISCRETE_MILP,0.3021
825,62.42,2864,HIGH_FIDELITY_CONTINUOUS,0.0
826,81.98,6178,APPROXIMATED_DISCRETE_MILP,0.3021
827,95.94,5737,APPROXIMATED_DISCRETE_MILP,0.3021
828,90.65,3530,APPROXIMATED_DISCRETE_MILP,0.3021
829,44.73,6236,APPROXIMATED_DISCRETE_MILP,0.3021
830,48.2,3665,HIGH_FIDELITY_CONTINUOUS,0.0
831,57.99,6174,APPROXIMATED_DISCRETE_MILP,0.3021
832,80.51,4010,HIGH_FIDELITY_CONTINUOUS,0.0
833,47.48,6606,APPROXIMATED_DISCRETE_MILP,0.3021
834,94.4,3336,APPROXIMATED_DISCRETE_MILP,0.3021
835,72.42,6071,APPROXIMATED_DISCRETE_MILP,0.3021
836,85.92,7461,APPROXIMATED_DISCRETE_MILP,0.3021
837,47.41,6557,APPROXIMATED_DISCRETE_MILP,0.3021
838,88.08,6852,APPROXIMATED_DISCRETE_MILP,0.3021
839,97.84,5112,APPROXIMATED_DISCRETE_MILP,0.3021
840,45.42,6292,APPROXIMATED_DISCRETE_MILP,0.3021
841,64.56,3764,HIGH_FIDELITY_CONTINUOUS,0.0
842,41.06,3330,HIGH_FIDELITY_CONTINUOUS,0.0
843,50.46,2554,HIGH_FIDELITY_CONTINUOUS,0.0
844,59.82,7076,APPROXIMATED_DISCRETE_MILP,0.3021
845,68.2,2655,HIGH_FIDELITY_CONTINUOUS,0.0
846,98.0,2069,APPROXIMATED_DISCRETE_MILP,0.3021
847,44.48,7717,APPROXIMATED_DISCRETE_MILP,0.3021
848,85.71,4958,APPROXIMATED_DISCRETE_MILP,0.3021
849,84.71,7641,APPROXIMATED_DISCRETE_MILP,0.3021
850,82.84,5113,APPROXIMATED_DISCRETE_MILP,0.3021
851,42.19,3558,HIGH_FIDELITY_CONTINUOUS,0.0
852,90.83,5862,APPROXIMATED_DISCRETE_MILP,0.3021
853,47.6,3886,HIGH_FIDELITY_CONTINUOUS,0.0
854,48.95,2281,HIGH_FIDELITY_CONTINUOUS,0.0
855,88.22,7116,APPROXIMATED_DISCRETE_MILP,0.3021
856,76.23,2156,HIGH_FIDELITY_CONTINUOUS,0.0
857,81.83,1157,HIGH_FIDELITY_CONTINUOUS,0.0
858,63.83,6340,APPROXIMATED_DISCRETE_MILP,0.3021
859,81.74,4438,HIGH_FIDELITY_CONTINUOUS,0.0
860,75.41,6963,APPROXIMATED_DISCRETE_MILP,0.3021
861,83.42,4477,HIGH_FIDELITY_CONTINUOUS,0.0
862,53.57,2759,HIGH_FIDELITY_CONTINUOUS,0.0
863,57.95,7424,APPROXIMATED_DISCRETE_MILP,0.3021
864,85.49,7641,APPROXIMATED_DISCRETE_MILP,0.3021
865,51.25,6356,APPROXIMATED_DISCRETE_MILP,0.3021
866,94.93,4409,APPROXIMATED_DISCRETE_MILP,0.3021
867,66.78,3108,HIGH_FIDELITY_CONTINUOUS,0.0
868,85.13,4919,APPROXIMATED_DISCRETE_MILP,0.3021
869,70.59,2127,HIGH_FIDELITY_CONTINUOUS,0.0
870,87.38,7363,APPROXIMATED_DISCRETE_MILP,0.3021
871,75.07,7951,APPROXIMATED_DISCRETE_MILP,0.3021
872,54.5,6052,APPROXIMATED_DISCRETE_MILP,0.3021
873,67.87,3840,HIGH_FIDELITY_CONTINUOUS,0.0
874,72.16,1640,HIGH_FIDELITY_CONTINUOUS,0.0
875,81.26,5026,APPROXIMATED_DISCRETE_MILP,0.3021
876,89.37,3135,APPROXIMATED_DISCRETE_MILP,0.3021
877,44.86,2113,HIGH_FIDELITY_CONTINUOUS,0.0
878,55.82,5005,APPROXIMATED_DISCRETE_MILP,0.3021
879,48.55,4383,HIGH_FIDELITY_CONTINUOUS,0.0
880,45.32,2618,HIGH_FIDELITY_CONTINUOUS,0.0
881,87.37,3663,APPROXIMATED_DISCRETE_MILP,0.3021
882,93.97,4198,APPROXIMATED_DISCRETE_MILP,0.3021
883,43.09,4912,HIGH_FIDELITY_CONTINUOUS,0.0
884,61.69,3963,HIGH_FIDELITY_CONTINUOUS,0.0
885,97.68,3871,APPROXIMATED_DISCRETE_MILP,0.3021
886,53.02,3410,HIGH_FIDELITY_CONTINUOUS,0.0
887,93.99,7674,APPROXIMATED_DISCRETE_MILP,0.3021
888,81.45,3546,HIGH_FIDELITY_CONTINUOUS,0.0
889,85.9,1927,APPROXIMATED_DISCRETE_MILP,0.3021
890,42.22,7597,APPROXIMATED_DISCRETE_MILP,0.3021
891,67.4,7608,APPROXIMATED_DISCRETE_MILP,0.3021
892,48.05,6579,APPROXIMATED_DISCRETE_MILP,0.3021
893,67.21,5840,APPROXIMATED_DISCRETE_MILP,0.3021
894,40.3,1449,HIGH_FIDELITY_CONTINUOUS,0.0
895,41.1,2566,HIGH_FIDELITY_CONTINUOUS,0.0
896,88.43,5295,APPROXIMATED_DISCRETE_MILP,0.3021
897,94.53,5787,APPROXIMATED_DISCRETE_MILP,0.3021
898,70.61,1710,HIGH_FIDELITY_CONTINUOUS,0.0
899,85.02,2746,APPROXIMATED_DISCRETE_MILP,0.3021
900,57.47,1191,HIGH_FIDELITY_CONTINUOUS,0.0
901,53.83,6034,APPROXIMATED_DISCRETE_MILP,0.3021
902,86.05,4544,APPROXIMATED_DISCRETE_MILP,0.3021
903,43.64,7654,APPROXIMATED_DISCRETE_MILP,0.3021
904,92.5,5688,APPROXIMATED_DISCRETE_MILP,0.3021
905,71.09,5976,APPROXIMATED_DISCRETE_MILP,0.3021
906,69.89,2781,HIGH_FIDELITY_CONTINUOUS,0.0
907,81.68,3186,HIGH_FIDELITY_CONTINUOUS,0.0
908,64.9,5836,APPROXIMATED_DISCRETE_MILP,0.3021
909,60.46,5474,APPROXIMATED_DISCRETE_MILP,0.3021
910,64.16,6242,APPROXIMATED_DISCRETE_MILP,0.3021
911,78.76,5088,APPROXIMATED_DISCRETE_MILP,0.3021
912,96.53,1354,APPROXIMATED_DISCRETE_MILP,0.3021
913,95.3,5257,APPROXIMATED_DISCRETE_MILP,0.3021
914,69.43,4958,HIGH_FIDELITY_CONTINUOUS,0.0
915,72.14,3998,HIGH_FIDELITY_CONTINUOUS,0.0
916,90.65,1156,APPROXIMATED_DISCRETE_MILP,0.3021
917,76.87,3858,HIGH_FIDELITY_CONTINUOUS,0.0
918,54.71,933,HIGH_FIDELITY_CONTINUOUS,0.0
919,60.71,1353,HIGH_FIDELITY_CONTINUOUS,0.0
920,60.0,6804,APPROXIMATED_DISCRETE_MILP,0.3021
921,78.11,1649,HIGH_FIDELITY_CONTINUOUS,0.0
922,84.75,6822,APPROXIMATED_DISCRETE_MILP,0.3021
923,83.89,1892,HIGH_FIDELITY_CONTINUOUS,0.0
924,42.57,5272,APPROXIMATED_DISCRETE_MILP,0.3021
925,59.64,6065,APPROXIMATED_DISCRETE_MILP,0.3021
926,50.16,7182,APPROXIMATED_DISCRETE_MILP,0.3021
927,79.71,6496,APPROXIMATED_DISCRETE_MILP,0.3021
928,67.75,2293,HIGH_FIDELITY_CONTINUOUS,0.0
929,87.07,1316,APPROXIMATED_DISCRETE_MILP,0.3021
930,81.53,4549,HIGH_FIDELITY_CONTINUOUS,0.0
931,42.15,2451,HIGH_FIDELITY_CONTINUOUS,0.0
932,42.54,2434,HIGH_FIDELITY_CONTINUOUS,0.0
933,91.38,3385,APPROXIMATED_DISCRETE_MILP,0.3021
934,94.14,5022,APPROXIMATED_DISCRETE_MILP,0.3021
935,63.1,7479,APPROXIMATED_DISCRETE_MILP,0.3021
936,71.5,2875,HIGH_FIDELITY_CONTINUOUS,0.0
937,42.12,6099,APPROXIMATED_DISCRETE_MILP,0.3021
938,51.08,3724,HIGH_FIDELITY_CONTINUOUS,0.0
939,90.0,1191,APPROXIMATED_DISCRETE_MILP,0.3021
940,90.22,3519,APPROXIMATED_DISCRETE_MILP,0.3021
941,55.85,7348,APPROXIMATED_DISCRETE_MILP,0.3021
942,61.35,4076,HIGH_FIDELITY_CONTINUOUS,0.0
943,83.11,3967,HIGH_FIDELITY_CONTINUOUS,0.0
944,59.66,2330,HIGH_FIDELITY_CONTINUOUS,0.0
945,68.78,4875,HIGH_FIDELITY_CONTINUOUS,0.0
946,61.31,7331,APPROXIMATED_DISCRETE_MILP,0.3021
947,70.12,7363,APPROXIMATED_DISCRETE_MILP,0.3021
948,44.79,4277,HIGH_FIDELITY_CONTINUOUS,0.0
949,44.58,5735,APPROXIMATED_DISCRETE_MILP,0.3021
950,97.72,2278,APPROXIMATED_DISCRETE_MILP,0.3021
951,71.64,3431,HIGH_FIDELITY_CONTINUOUS,0.0
952,45.95,3486,HIGH_FIDELITY_CONTINUOUS,0.0
953,78.33,3310,HIGH_FIDELITY_CONTINUOUS,0.0
954,65.86,6679,APPROXIMATED_DISCRETE_MILP,0.3021
955,64.71,6450,APPROXIMATED_DISCRETE_MILP,0.3021
956,65.75,4462,HIGH_FIDELITY_CONTINUOUS,0.0
957,42.46,7927,APPROXIMATED_DISCRETE_MILP,0.3021
958,92.87,5836,APPROXIMATED_DISCRETE_MILP,0.3021
959,97.89,3049,APPROXIMATED_DISCRETE_MILP,0.3021
960,77.09,7283,APPROXIMATED_DISCRETE_MILP,0.3021
961,94.98,1414,APPROXIMATED_DISCRETE_MILP,0.3021
962,78.93,4127,HIGH_FIDELITY_CONTINUOUS,0.0
963,61.07,7362,APPROXIMATED_DISCRETE_MILP,0.3021
964,83.49,2110,HIGH_FIDELITY_CONTINUOUS,0.0
965,95.26,1969,APPROXIMATED_DISCRETE_MILP,0.3021
966,89.22,6354,APPROXIMATED_DISCRETE_MILP,0.3021
967,85.32,1085,APPROXIMATED_DISCRETE_MILP,0.3021
968,47.32,2733,HIGH_FIDELITY_CONTINUOUS,0.0
969,85.15,3800,APPROXIMATED_DISCRETE_MILP,0.3021
970,61.0,5446,APPROXIMATED_DISCRETE_MILP,0.3021
971,41.88,2056,HIGH_FIDELITY_CONTINUOUS,0.0
972,79.39,3838,HIGH_FIDELITY_CONTINUOUS,0.0
973,61.58,7051,APPROXIMATED_DISCRETE_MILP,0.3021
974,44.46,1927,HIGH_FIDELITY_CONTINUOUS,0.0
975,70.71,4060,HIGH_FIDELITY_CONTINUOUS,0.0
976,58.23,3083,HIGH_FIDELITY_CONTINUOUS,0.0
977,54.48,1729,HIGH_FIDELITY_CONTINUOUS,0.0
978,41.5,2324,HIGH_FIDELITY_CONTINUOUS,0.0
979,68.94,3970,HIGH_FIDELITY_CONTINUOUS,0.0
980,92.99,1764,APPROXIMATED_DISCRETE_MILP,0.3021
981,55.18,2932,HIGH_FIDELITY_CONTINUOUS,0.0
982,80.83,2557,HIGH_FIDELITY_CONTINUOUS,0.0
983,97.79,3139,APPROXIMATED_DISCRETE_MILP,0.3021
984,80.25,4823,HIGH_FIDELITY_CONTINUOUS,0.0
985,51.61,1911,HIGH_FIDELITY_CONTINUOUS,0.0
986,89.46,4503,APPROXIMATED_DISCRETE_MILP,0.3021
987,50.01,6643,APPROXIMATED_DISCRETE_MILP,0.3021
988,65.82,1519,HIGH_FIDELITY_CONTINUOUS,0.0
989,87.01,7726,APPROXIMATED_DISCRETE_MILP,0.3021
990,97.22,6270,APPROXIMATED_DISCRETE_MILP,0.3021
991,60.15,1331,HIGH_FIDELITY_CONTINUOUS,0.0
992,71.9,3178,HIGH_FIDELITY_CONTINUOUS,0.0
993,91.7,7774,APPROXIMATED_DISCRETE_MILP,0.3021
994,49.14,6612,APPROXIMATED_DISCRETE_MILP,0.3021
995,93.78,6024,APPROXIMATED_DISCRETE_MILP,0.3021
996,50.1,3761,HIGH_FIDELITY_CONTINUOUS,0.0
997,69.51,1794,HIGH_FIDELITY_CONTINUOUS,0.0
998,97.14,7288,APPROXIMATED_DISCRETE_MILP,0.3021
999,48.05,7274,APPROXIMATED_DISCRETE_MILP,0.3021
1000,68.65,3756,HIGH_FIDELITY_CONTINUOUS,0.0
